-- MySQL dump 10.13  Distrib 8.0.43, for Win64 (x86_64)
--
-- Host: 127.0.0.1    Database: sockschema
-- ------------------------------------------------------
-- Server version	8.0.43

/*!40101 SET @OLD_CHARACTER_SET_CLIENT=@@CHARACTER_SET_CLIENT */;
/*!40101 SET @OLD_CHARACTER_SET_RESULTS=@@CHARACTER_SET_RESULTS */;
/*!40101 SET @OLD_COLLATION_CONNECTION=@@COLLATION_CONNECTION */;
/*!50503 SET NAMES utf8 */;
/*!40103 SET @OLD_TIME_ZONE=@@TIME_ZONE */;
/*!40103 SET TIME_ZONE='+00:00' */;
/*!40014 SET @OLD_UNIQUE_CHECKS=@@UNIQUE_CHECKS, UNIQUE_CHECKS=0 */;
/*!40014 SET @OLD_FOREIGN_KEY_CHECKS=@@FOREIGN_KEY_CHECKS, FOREIGN_KEY_CHECKS=0 */;
/*!40101 SET @OLD_SQL_MODE=@@SQL_MODE, SQL_MODE='NO_AUTO_VALUE_ON_ZERO' */;
/*!40111 SET @OLD_SQL_NOTES=@@SQL_NOTES, SQL_NOTES=0 */;

--
-- Table structure for table `featured`
--

DROP TABLE IF EXISTS `featured`;
/*!40101 SET @saved_cs_client     = @@character_set_client */;
/*!50503 SET character_set_client = utf8mb4 */;
CREATE TABLE `featured` (
  `sock` varchar(17) DEFAULT NULL,
  `date` date NOT NULL,
  PRIMARY KEY (`date`)
) ENGINE=InnoDB DEFAULT CHARSET=utf8mb4 COLLATE=utf8mb4_0900_ai_ci;
/*!40101 SET character_set_client = @saved_cs_client */;

--
-- Dumping data for table `featured`
--

LOCK TABLES `featured` WRITE;
/*!40000 ALTER TABLE `featured` DISABLE KEYS */;
INSERT INTO `featured` VALUES ('Comfy Grey','2025-10-22');
/*!40000 ALTER TABLE `featured` ENABLE KEYS */;
UNLOCK TABLES;

--
-- Table structure for table `schedule`
--

DROP TABLE IF EXISTS `schedule`;
/*!40101 SET @saved_cs_client     = @@character_set_client */;
/*!50503 SET character_set_client = utf8mb4 */;
CREATE TABLE `schedule` (
  `sock` varchar(17) NOT NULL,
  `date` date NOT NULL,
  `day` varchar(9) NOT NULL,
  PRIMARY KEY (`date`)
) ENGINE=InnoDB DEFAULT CHARSET=utf8mb4 COLLATE=utf8mb4_0900_ai_ci;
/*!40101 SET character_set_client = @saved_cs_client */;

--
-- Dumping data for table `schedule`
--

LOCK TABLES `schedule` WRITE;
/*!40000 ALTER TABLE `schedule` DISABLE KEYS */;
INSERT INTO `schedule` VALUES ('Shrimply the Best','2024-01-17','Wednesday'),('Shark','2024-01-18','Thursday'),('Beaver','2024-01-19','Friday'),('Eight Ball','2024-01-20','Saturday'),('First Breakfast','2024-01-21','Sunday'),('Poutine','2024-01-22','Monday'),('Love','2024-01-23','Tuesday'),('Canada Moose','2024-01-24','Wednesday'),('Rainbow Square','2024-01-25','Thursday'),('Shrimply the Best','2024-01-26','Friday'),('Poutine','2024-01-27','Saturday'),('First Breakfast','2024-01-28','Sunday'),('Jamaica','2024-01-29','Monday'),('Comfy Canada','2024-01-30','Tuesday'),('Xoxo','2024-01-31','Wednesday'),('Canoe','2024-02-01','Thursday'),('Lumberjack','2024-02-02','Friday'),('Blue Darn Tough','2024-02-03','Saturday'),('Shrimply the Best','2024-02-04','Sunday'),('Jamaica','2024-02-05','Monday'),('Xoxo','2024-02-06','Tuesday'),('Rainbow Square','2024-02-07','Wednesday'),('Beaver','2024-02-08','Thursday'),('Poutine','2024-02-09','Friday'),('Comfy Canada','2024-02-10','Saturday'),('Shark','2024-02-11','Sunday'),('Lumberjack','2024-02-12','Monday'),('Cool Santa','2024-02-13','Tuesday'),('Love','2024-02-14','Wednesday'),('Poutine','2024-02-15','Thursday'),('Comfy Canada','2024-02-16','Friday'),('Shrimply the Best','2024-02-17','Saturday'),('Big Fluffy','2024-02-18','Sunday'),('Jamaica','2024-02-19','Monday'),('Cool Santa','2024-02-20','Tuesday'),('Rainbow Square','2024-02-21','Wednesday'),('Lumberjack','2024-02-22','Thursday'),('Blue Darn Tough','2024-02-23','Friday'),('Shark','2024-02-24','Saturday'),('Beaver','2024-02-25','Sunday'),('Shark','2024-02-26','Monday'),('Poutine','2024-02-27','Tuesday'),('Xoxo','2024-02-28','Wednesday'),('Jamaica','2024-02-29','Thursday'),('Eight Ball','2024-03-01','Friday'),('Big Fluffy','2024-03-02','Saturday'),('Comfy Grey','2024-03-03','Sunday'),('Yellow Darn Tough','2024-03-04','Monday'),('N/A','2024-03-05','Tuesday'),('Shark','2024-03-06','Wednesday'),('S\'mores','2024-03-07','Thursday'),('Cool Santa','2024-03-08','Friday'),('Comfy Grey','2024-03-09','Saturday'),('Hockey Canada','2024-03-10','Sunday'),('Poutine','2024-03-11','Monday'),('Jamaica','2024-03-12','Tuesday'),('Shrimply the Best','2024-03-13','Wednesday'),('Beaver','2024-03-14','Thursday'),('Shark','2024-03-15','Friday'),('Jamaica','2024-03-16','Saturday'),('Poutine','2024-03-17','Sunday'),('Hockey Canada','2024-03-18','Monday'),('Boring Black','2024-03-19','Tuesday'),('Shrimply the Best','2024-03-20','Wednesday'),('Gingerbread','2024-03-21','Thursday'),('Boring Black','2024-03-22','Friday'),('Jamaica','2024-03-23','Saturday'),('Poutine','2024-03-24','Sunday'),('Canoe','2024-03-25','Monday'),('Comfy Canada','2024-03-26','Tuesday'),('Guitar','2024-03-27','Wednesday'),('Rainbow Square','2024-03-28','Thursday'),('Hockey Canada','2024-03-29','Friday'),('Sasquatch','2024-03-30','Saturday'),('Shark','2024-03-31','Sunday'),('S\'mores','2024-04-01','Monday'),('Sasquatch','2024-04-02','Tuesday'),('Love','2024-04-03','Wednesday'),('S\'mores','2024-04-04','Thursday'),('Eight Ball','2024-04-05','Friday'),('Rainbow Square','2024-04-06','Saturday'),('Poutine','2024-04-07','Sunday'),('Boring Black','2024-04-08','Monday'),('Hockey Canada','2024-04-09','Tuesday'),('Sasquatch','2024-04-10','Wednesday'),('First Breakfast','2024-04-11','Thursday'),('S\'mores','2024-04-12','Friday'),('Guitar','2024-04-13','Saturday'),('Poutine','2024-04-14','Sunday'),('Rainbow Square','2024-04-15','Monday'),('No Socks','2024-04-16','Tuesday'),('Sasquatch','2024-04-17','Wednesday'),('Boring Grey','2024-04-18','Thursday'),('Axe','2024-04-19','Friday'),('Pac-Man','2024-04-20','Saturday'),('Rainbow Square','2024-04-21','Sunday'),('Shark','2024-04-22','Monday'),('Beaver','2024-04-23','Tuesday'),('S\'mores','2024-04-24','Wednesday'),('First Breakfast','2024-04-25','Thursday'),('Hockey Canada','2024-04-26','Friday'),('Guitar','2024-04-27','Saturday'),('Pac-Man','2024-04-28','Sunday'),('Beaver','2024-04-29','Monday'),('Love','2024-04-30','Tuesday'),('Xoxo','2024-05-01','Wednesday'),('Sasquatch','2024-05-02','Thursday'),('Canoe','2024-05-03','Friday'),('Yellow Darn Tough','2024-05-04','Saturday'),('S\'mores','2024-05-05','Sunday'),('First Breakfast','2024-05-06','Monday'),('Gingerbread','2024-05-07','Tuesday'),('Eight Ball','2024-05-08','Wednesday'),('Dog','2024-05-09','Thursday'),('Poutine','2024-05-10','Friday'),('S\'mores','2024-05-11','Saturday'),('Sasquatch','2024-05-12','Sunday'),('First Breakfast','2024-05-13','Monday'),('Pac-Man','2024-05-14','Tuesday'),('Beaver','2024-05-15','Wednesday'),('Rainbow Square','2024-05-16','Thursday'),('Guitar','2024-05-17','Friday'),('Pac-Man','2024-05-18','Saturday'),('No Socks','2024-05-19','Sunday'),('No Socks','2024-05-20','Monday'),('Canoe','2024-05-21','Tuesday'),('Yellow Darn Tough','2024-05-22','Wednesday'),('Pac-Man','2024-05-23','Thursday'),('Beaver','2024-05-24','Friday'),('Sasquatch','2024-05-25','Saturday'),('Love','2024-05-26','Sunday'),('Dog','2024-05-27','Monday'),('Rainbow Square','2024-05-28','Tuesday'),('Beaver','2024-05-29','Wednesday'),('Rainbow Square','2024-05-30','Thursday'),('First Breakfast','2024-05-31','Friday'),('Xoxo','2024-06-01','Saturday'),('Canada Moose','2024-06-02','Sunday'),('Love','2024-06-03','Monday'),('Eight Ball','2024-06-04','Tuesday'),('Cool Santa','2024-06-05','Wednesday'),('Halloween','2024-06-06','Thursday'),('Sasquatch','2024-06-07','Friday'),('Shark','2024-06-08','Saturday'),('Jamaica','2024-06-09','Sunday'),('Eight Ball','2024-06-10','Monday'),('Love','2024-06-11','Tuesday'),('Hockey Canada','2024-06-12','Wednesday'),('Pac-Man','2024-06-13','Thursday'),('Love','2024-06-14','Friday'),('Canoe','2024-06-15','Saturday'),('Guitar','2024-06-16','Sunday'),('Axe','2024-06-17','Monday'),('Rainbow Square','2024-06-18','Tuesday'),('Hockey Canada','2024-06-19','Wednesday'),('Eight Ball','2024-06-20','Thursday'),('Gingerbread','2024-06-21','Friday'),('Lumberjack','2024-06-22','Saturday'),('Axe','2024-06-23','Sunday'),('S\'mores','2024-06-24','Monday'),('Sasquatch','2024-06-25','Tuesday'),('Shark','2024-06-26','Wednesday'),('Love','2024-06-27','Thursday'),('Hockey Canada','2024-06-28','Friday'),('Canoe','2024-06-29','Saturday'),('Pac-Man','2024-06-30','Sunday'),('Cool Santa','2024-07-01','Monday'),('Lumberjack','2024-07-02','Tuesday'),('Shark','2024-07-03','Wednesday'),('Canoe','2024-07-04','Thursday'),('Hockey Canada','2024-07-05','Friday'),('Axe','2024-07-06','Saturday'),('Canada Moose','2024-07-07','Sunday'),('Pac-Man','2024-07-08','Monday'),('Lumberjack','2024-07-09','Tuesday'),('S\'mores','2024-07-10','Wednesday'),('Shark','2024-07-11','Thursday'),('Xoxo','2024-07-12','Friday'),('Gingerbread','2024-07-13','Saturday'),('Lumberjack','2024-07-14','Sunday'),('Beaver','2024-07-15','Monday'),('Guitar','2024-07-16','Tuesday'),('Dog','2024-07-17','Wednesday'),('Rainbow Square','2024-07-18','Thursday'),('First Breakfast','2024-07-19','Friday'),('Rainbow Square','2024-07-20','Saturday'),('Eight Ball','2024-07-21','Sunday'),('Dog','2024-07-22','Monday'),('Xoxo','2024-07-23','Tuesday'),('Guitar','2024-07-24','Wednesday'),('First Breakfast','2024-07-25','Thursday'),('Shark','2024-07-26','Friday'),('S\'mores','2024-07-27','Saturday'),('Yellow Darn Tough','2024-07-28','Sunday'),('Hockey Canada','2024-07-29','Monday'),('Axe','2024-07-30','Tuesday'),('Pac-Man','2024-07-31','Wednesday'),('First Breakfast','2024-08-01','Thursday'),('Jamaica','2024-08-02','Friday'),('No Socks','2024-08-03','Saturday'),('No Socks','2024-08-04','Sunday'),('Yellow Darn Tough','2024-08-05','Monday'),('Rainbow Square','2024-08-06','Tuesday'),('Guitar','2024-08-07','Wednesday'),('Sasquatch','2024-08-08','Thursday'),('Yellow Darn Tough','2024-08-09','Friday'),('Yellow Darn Tough','2024-08-10','Saturday'),('Comfy Grey','2024-08-11','Sunday'),('Poutine','2024-08-12','Monday'),('Jamaica','2024-08-13','Tuesday'),('First Breakfast','2024-08-14','Wednesday'),('Pac-Man','2024-08-15','Thursday'),('Hockey Canada','2024-08-16','Friday'),('Yellow Darn Tough','2024-08-17','Saturday'),('Yellow Darn Tough','2024-08-18','Sunday'),('No Socks','2024-08-19','Monday'),('Pac-Man','2024-08-20','Tuesday'),('Poutine','2024-08-21','Wednesday'),('Shark','2024-08-22','Thursday'),('N/A','2024-08-23','Friday'),('Blue Darn Tough','2024-08-24','Saturday'),('Jamaica','2024-08-25','Sunday'),('Guitar','2024-08-26','Monday'),('Fancy Christmas','2024-08-27','Tuesday'),('Xoxo','2024-08-28','Wednesday'),('Poutine','2024-08-29','Thursday'),('Hockey Canada','2024-08-30','Friday'),('Shark','2024-08-31','Saturday'),('Jamaica','2024-09-01','Sunday'),('Poutine','2024-09-02','Monday'),('Fancy Christmas','2024-09-03','Tuesday'),('Shark','2024-09-04','Wednesday'),('Canoe','2024-09-05','Thursday'),('Jamaica','2024-09-06','Friday'),('Poutine','2024-09-07','Saturday'),('Love','2024-09-08','Sunday'),('Gingerbread','2024-09-09','Monday'),('Shark','2024-09-10','Tuesday'),('Axe','2024-09-11','Wednesday'),('Eight Ball','2024-09-12','Thursday'),('Shark','2024-09-13','Friday'),('Canoe','2024-09-14','Saturday'),('No Socks','2024-09-15','Sunday'),('Beaver','2024-09-16','Monday'),('Jamaica','2024-09-17','Tuesday'),('Poutine','2024-09-18','Wednesday'),('Pac-Man','2024-09-19','Thursday'),('Canoe','2024-09-20','Friday'),('First Breakfast','2024-09-21','Saturday'),('Axe','2024-09-22','Sunday'),('Hockey Canada','2024-09-23','Monday'),('Pac-Man','2024-09-24','Tuesday'),('Beaver','2024-09-25','Wednesday'),('Poutine','2024-09-26','Thursday'),('Canoe','2024-09-27','Friday'),('No Socks','2024-09-28','Saturday'),('No Socks','2024-09-29','Sunday'),('First Breakfast','2024-09-30','Monday'),('N/A','2024-10-01','Tuesday'),('N/A','2024-10-02','Wednesday'),('Love','2024-10-03','Thursday'),('Axe','2024-10-04','Friday'),('Canoe','2024-10-05','Saturday'),('Shark','2024-10-06','Sunday'),('S\'mores','2024-10-07','Monday'),('Dog','2024-10-08','Tuesday'),('Pac-Man','2024-10-09','Wednesday'),('Love','2024-10-10','Thursday'),('Love','2024-10-11','Friday'),('Blue Darn Tough','2024-10-12','Saturday'),('Comfy Canada','2024-10-13','Sunday'),('Yellow Darn Tough','2024-10-14','Monday'),('Beaver','2024-10-15','Tuesday'),('Sasquatch','2024-10-16','Wednesday'),('S\'mores','2024-10-17','Thursday'),('Comfy Canada','2024-10-18','Friday'),('Jamaica','2024-10-19','Saturday'),('Guitar','2024-10-20','Sunday'),('Beaver','2024-10-21','Monday'),('Halloween','2024-10-22','Tuesday'),('S\'mores','2024-10-23','Wednesday'),('Shark','2024-10-24','Thursday'),('N/A','2024-10-25','Friday'),('Gingerbread','2024-10-26','Saturday'),('Axe','2024-10-27','Sunday'),('Guitar','2024-10-28','Monday'),('Hockey Canada','2024-10-29','Tuesday'),('Shark','2024-10-30','Wednesday'),('Halloween','2024-10-31','Thursday'),('Sasquatch','2024-11-01','Friday'),('Pac-Man','2024-11-02','Saturday'),('Beaver','2024-11-03','Sunday'),('Yellow Darn Tough','2024-11-04','Monday'),('Canada Moose','2024-11-05','Tuesday'),('Xoxo','2024-11-06','Wednesday'),('Beaver','2024-11-07','Thursday'),('Jamaica','2024-11-08','Friday'),('Love','2024-11-09','Saturday'),('Lumberjack','2024-11-10','Sunday'),('Canoe','2024-11-11','Monday'),('Yellow Darn Tough','2024-11-12','Tuesday'),('Xoxo','2024-11-13','Wednesday'),('First Breakfast','2024-11-14','Thursday'),('Beaver','2024-11-15','Friday'),('Shark','2024-11-16','Saturday'),('Love','2024-11-17','Sunday'),('S\'mores','2024-11-18','Monday'),('Xoxo','2024-11-19','Tuesday'),('Yellow Darn Tough','2024-11-20','Wednesday'),('Lumberjack','2024-11-21','Thursday'),('Beaver','2024-11-22','Friday'),('Axe','2024-11-23','Saturday'),('Pac-Man','2024-11-24','Sunday'),('First Breakfast','2024-11-25','Monday'),('Comfy Canada','2024-11-26','Tuesday'),('Guitar','2024-11-27','Wednesday'),('Rainbow Square','2024-11-28','Thursday'),('Jamaica','2024-11-29','Friday'),('Axe','2024-11-30','Saturday'),('Gingerbread','2024-12-01','Sunday'),('Cool Santa','2024-12-02','Monday'),('Sasquatch','2024-12-03','Tuesday'),('Pac-Man','2024-12-04','Wednesday'),('Comfy Canada','2024-12-05','Thursday'),('Poutine','2024-12-06','Friday'),('Axe','2024-12-07','Saturday'),('Cool Santa','2024-12-08','Sunday'),('Hockey Canada','2024-12-09','Monday'),('Gingerbread','2024-12-10','Tuesday'),('Rainbow Square','2024-12-11','Wednesday'),('Pac-Man','2024-12-12','Thursday'),('Poutine','2024-12-13','Friday'),('Eight Ball','2024-12-14','Saturday'),('Comfy Canada','2024-12-15','Sunday'),('Axe','2024-12-16','Monday'),('Cool Santa','2024-12-17','Tuesday'),('Shark','2024-12-18','Wednesday'),('Boring White','2024-12-19','Thursday'),('Rainbow Square','2024-12-20','Friday'),('Cool Santa','2024-12-21','Saturday'),('Comfy Canada','2024-12-22','Sunday'),('Comfy Grey','2024-12-23','Monday'),('Fancy Christmas','2024-12-24','Tuesday'),('Gingerbread','2024-12-25','Wednesday'),('Yellow Darn Tough','2024-12-26','Thursday'),('Gingerbread','2024-12-27','Friday'),('Fancy Christmas','2024-12-28','Saturday'),('Fancy Christmas','2024-12-29','Sunday'),('N/A','2024-12-30','Monday'),('Eight Ball','2024-12-31','Tuesday'),('Jamaica','2025-01-01','Wednesday'),('Xoxo','2025-01-02','Thursday'),('Canoe','2025-01-03','Friday'),('Pac-Man','2025-01-04','Saturday'),('Sasquatch','2025-01-05','Sunday'),('Yellow Darn Tough','2025-01-06','Monday'),('Yellow Darn Tough','2025-01-07','Tuesday'),('Guitar','2025-01-08','Wednesday'),('First Breakfast','2025-01-09','Thursday'),('Comfy Canada','2025-01-10','Friday'),('Rainbow Square','2025-01-11','Saturday'),('Axe','2025-01-12','Sunday'),('Pac-Man','2025-01-13','Monday'),('Poutine','2025-01-14','Tuesday'),('Hockey Canada','2025-01-15','Wednesday'),('Beaver','2025-01-16','Thursday'),('Jamaica','2025-01-17','Friday'),('Axe','2025-01-18','Saturday'),('Cool Santa','2025-01-19','Sunday'),('Dog','2025-01-20','Monday'),('Comfy Canada','2025-01-21','Tuesday'),('Xoxo','2025-01-22','Wednesday'),('Rainbow Square','2025-01-23','Thursday'),('Hockey Canada','2025-01-24','Friday'),('No Socks','2025-01-25','Saturday'),('Comfy Canada','2025-01-26','Sunday'),('Pac-Man','2025-01-27','Monday'),('Dog','2025-01-28','Tuesday'),('Axe','2025-01-29','Wednesday'),('Eight Ball','2025-01-30','Thursday'),('Poutine','2025-01-31','Friday'),('Sasquatch','2025-02-01','Saturday'),('Lumberjack','2025-02-02','Sunday'),('Pac-Man','2025-02-03','Monday'),('Hockey Canada','2025-02-04','Tuesday'),('Canoe','2025-02-05','Wednesday'),('Eight Ball','2025-02-06','Thursday'),('Pac-Man','2025-02-07','Friday'),('Jamaica','2025-02-08','Saturday'),('Yellow Darn Tough','2025-02-09','Sunday'),('S\'mores','2025-02-10','Monday'),('Cool Santa','2025-02-11','Tuesday'),('Canoe','2025-02-12','Wednesday'),('Poutine','2025-02-13','Thursday'),('Duck','2025-02-14','Friday'),('Blue Darn Tough','2025-02-15','Saturday'),('Yellow Darn Tough','2025-02-16','Sunday'),('Yellow Darn Tough','2025-02-17','Monday'),('First Sloth','2025-02-18','Tuesday'),('Milk and Cookie','2025-02-19','Wednesday'),('Duck','2025-02-20','Thursday'),('S\'mores','2025-02-21','Friday'),('First Sloth','2025-02-22','Saturday'),('Axe','2025-02-23','Sunday'),('Milk and Cookie','2025-02-24','Monday'),('Dog','2025-02-25','Tuesday'),('Guitar','2025-02-26','Wednesday'),('Pac-Man','2025-02-27','Thursday'),('Xoxo','2025-02-28','Friday'),('First Breakfast','2025-03-01','Saturday'),('First Sloth','2025-03-02','Sunday'),('Milk and Cookie','2025-03-03','Monday'),('Love','2025-03-04','Tuesday'),('Shark','2025-03-05','Wednesday'),('Yellow Darn Tough','2025-03-06','Thursday'),('First Breakfast','2025-03-07','Friday'),('Pac-Man','2025-03-08','Saturday'),('Axe','2025-03-09','Sunday'),('Beaver','2025-03-10','Monday'),('Sasquatch','2025-03-11','Tuesday'),('Canoe','2025-03-12','Wednesday'),('Duck','2025-03-13','Thursday'),('Rainbow Square','2025-03-14','Friday'),('Milk and Cookie','2025-03-15','Saturday'),('First Sloth','2025-03-16','Sunday'),('Eight Ball','2025-03-17','Monday'),('Guitar','2025-03-18','Tuesday'),('Duck','2025-03-19','Wednesday'),('Xoxo','2025-03-20','Thursday'),('Yellow Darn Tough','2025-03-21','Friday'),('Rainbow Square','2025-03-22','Saturday'),('Axe','2025-03-23','Sunday'),('Sasquatch','2025-03-24','Monday'),('Shark','2025-03-25','Tuesday'),('Beaver','2025-03-26','Wednesday'),('Pac-Man','2025-03-27','Thursday'),('First Sloth','2025-03-28','Friday'),('Duck','2025-03-29','Saturday'),('S\'mores','2025-03-30','Sunday'),('Boring White','2025-03-31','Monday'),('Poutine','2025-04-01','Tuesday'),('Jamaica','2025-04-02','Wednesday'),('Dog','2025-04-03','Thursday'),('Guitar','2025-04-04','Friday'),('First Breakfast','2025-04-05','Saturday'),('Axe','2025-04-06','Sunday'),('Canoe','2025-04-07','Monday'),('Poutine','2025-04-08','Tuesday'),('Dog','2025-04-09','Wednesday'),('Xoxo','2025-04-10','Thursday'),('Axe','2025-04-11','Friday'),('Canada Moose','2025-04-12','Saturday'),('Shark','2025-04-13','Sunday'),('Duck','2025-04-14','Monday'),('Love','2025-04-15','Tuesday'),('Beaver','2025-04-16','Wednesday'),('Spreadsheet','2025-04-17','Thursday'),('S\'mores','2025-04-18','Friday'),('Pizza Topping','2025-04-19','Saturday'),('Shark','2025-04-20','Sunday'),('Banana','2025-04-21','Monday'),('Second Sloth','2025-04-22','Tuesday'),('Jamaica','2025-04-23','Wednesday'),('Duck','2025-04-24','Thursday'),('Banana','2025-04-25','Friday'),('Gingerbread','2025-04-26','Saturday'),('Spreadsheet','2025-04-27','Sunday'),('Lumberjack','2025-04-28','Monday'),('Milk and Cookie','2025-04-29','Tuesday'),('Beaver','2025-04-30','Wednesday'),('Pizza Topping','2025-05-01','Thursday'),('Eight Ball','2025-05-02','Friday'),('Dog','2025-05-03','Saturday'),('Spreadsheet','2025-05-04','Sunday'),('Pac-Man','2025-05-05','Monday'),('Lumberjack','2025-05-06','Tuesday'),('Banana','2025-05-07','Wednesday'),('Love','2025-05-08','Thursday'),('Sasquatch','2025-05-09','Friday'),('Halloween','2025-05-10','Saturday'),('Pac-Man','2025-05-11','Sunday'),('Yellow Darn Tough','2025-05-12','Monday'),('Milk and Cookie','2025-05-13','Tuesday'),('Spreadsheet','2025-05-14','Wednesday'),('Guitar','2025-05-15','Thursday'),('Rainbow Square','2025-05-16','Friday'),('Pizza Topping','2025-05-17','Saturday'),('Second Sloth','2025-05-18','Sunday'),('Spreadsheet','2025-05-19','Monday'),('Poutine','2025-05-20','Tuesday'),('Duck','2025-05-21','Wednesday'),('Lumberjack','2025-05-22','Thursday'),('Pac-Man','2025-05-23','Friday'),('First Sloth','2025-05-24','Saturday'),('First Breakfast','2025-05-25','Sunday'),('Lumberjack','2025-05-26','Monday'),('Shark','2025-05-27','Tuesday'),('First Sloth','2025-05-28','Wednesday'),('Second Sloth','2025-05-29','Thursday'),('Xoxo','2025-05-30','Friday'),('Milk and Cookie','2025-05-31','Saturday'),('Canoe','2025-06-01','Sunday'),('Shark','2025-06-02','Monday'),('Hockey Canada','2025-06-03','Tuesday'),('First Breakfast','2025-06-04','Wednesday'),('Spreadsheet','2025-06-05','Thursday'),('Shark','2025-06-06','Friday'),('Milk and Cookie','2025-06-07','Saturday'),('Guitar','2025-06-08','Sunday'),('Dog','2025-06-09','Monday'),('Duck','2025-06-10','Tuesday'),('Pizza Topping','2025-06-11','Wednesday'),('Shark','2025-06-12','Thursday'),('First Breakfast','2025-06-13','Friday'),('Poutine','2025-06-14','Saturday'),('Rainbow Square','2025-06-15','Sunday'),('Banana','2025-06-16','Monday'),('S\'mores','2025-06-17','Tuesday'),('Lumberjack','2025-06-18','Wednesday'),('Rainbow Square','2025-06-19','Thursday'),('Duck','2025-06-20','Friday'),('Spreadsheet','2025-06-21','Saturday'),('Gingerbread','2025-06-22','Sunday'),('Coffee','2025-06-23','Monday'),('Rainbow Striped','2025-06-24','Tuesday'),('Rainbow Square','2025-06-25','Wednesday'),('Beaver','2025-06-26','Thursday'),('Eight Ball','2025-06-27','Friday'),('First Sloth','2025-06-28','Saturday'),('Pizza Topping','2025-06-29','Sunday'),('Milk and Cookie','2025-06-30','Monday'),('Hockey Canada','2025-07-01','Tuesday'),('Purple Striped','2025-07-02','Wednesday'),('Skyline','2025-07-03','Thursday'),('Spreadsheet','2025-07-04','Friday'),('Coffee','2025-07-05','Saturday'),('Axe','2025-07-06','Sunday'),('Banana','2025-07-07','Monday'),('First Breakfast','2025-07-08','Tuesday'),('Rainbow Striped','2025-07-09','Wednesday'),('S\'mores','2025-07-10','Thursday'),('Polka-Dot','2025-07-11','Friday'),('Xoxo','2025-07-12','Saturday'),('Love','2025-07-13','Sunday'),('Duck','2025-07-14','Monday'),('Pac-Man','2025-07-15','Tuesday'),('Guitar','2025-07-16','Wednesday'),('Second Sloth','2025-07-17','Thursday'),('Banana','2025-07-18','Friday'),('Dog','2025-07-19','Saturday'),('Skyline','2025-07-20','Sunday'),('Canoe','2025-07-21','Monday'),('Sasquatch','2025-07-22','Tuesday'),('Pac-Man','2025-07-23','Wednesday'),('Funyun Ring','2025-07-24','Thursday'),('Coffee','2025-07-25','Friday'),('Polka-Dot','2025-07-26','Saturday'),('Bigfoot','2025-07-27','Sunday'),('Milk and Cookie','2025-07-28','Monday'),('Banana','2025-07-29','Tuesday'),('Spreadsheet','2025-07-30','Wednesday'),('Pizza Topping','2025-07-31','Thursday'),('Shark','2025-08-01','Friday'),('Comfy Canada','2025-08-02','Saturday'),('Yellow Darn Tough','2025-08-03','Sunday'),('S\'mores','2025-08-04','Monday'),('Canada Moose','2025-08-05','Tuesday'),('Pac-Man','2025-08-06','Wednesday'),('Polka-Dot','2025-08-07','Thursday'),('Funyun Ring','2025-08-08','Friday'),('No Socks','2025-08-09','Saturday'),('Bigfoot','2025-08-10','Sunday'),('Coffee','2025-08-11','Monday'),('Pac-Man','2025-08-12','Tuesday'),('Milk and Cookie','2025-08-13','Wednesday'),('First Sloth','2025-08-14','Thursday'),('Pizza Topping','2025-08-15','Friday'),('Shrocks','2025-08-16','Saturday'),('Dreamy Kirby','2025-08-17','Sunday'),('Funyun Ring','2025-08-18','Monday'),('Spreadsheet','2025-08-19','Tuesday'),('Guitar','2025-08-20','Wednesday'),('Rainbow Striped','2025-08-21','Thursday'),('Dreamy Kirby','2025-08-22','Friday'),('Coffee','2025-08-23','Saturday'),('Lumberjack','2025-08-24','Sunday'),('Jamaica','2025-08-25','Monday'),('Spreadsheet','2025-08-26','Tuesday'),('Duck','2025-08-27','Wednesday'),('First Breakfast','2025-08-28','Thursday'),('Funyun Ring','2025-08-29','Friday'),('Eight Ball','2025-08-30','Saturday'),('Dreamy Kirby','2025-08-31','Sunday'),('First Sloth','2025-09-01','Monday'),('Second Breakfast','2025-09-02','Tuesday'),('Bigfoot','2025-09-03','Wednesday'),('Canoe','2025-09-04','Thursday'),('Second Sloth','2025-09-05','Friday'),('Shrocks','2025-09-06','Saturday'),('Shark','2025-09-07','Sunday'),('Flamingo','2025-09-08','Monday'),('Bigfoot','2025-09-09','Tuesday'),('Sasquatch','2025-09-10','Wednesday'),('Dreamy Kirby','2025-09-11','Thursday'),('Poutine','2025-09-12','Friday'),('Banana','2025-09-13','Saturday'),('Skyline','2025-09-14','Sunday'),('Pac-Man','2025-09-15','Monday'),('Flamingo','2025-09-16','Tuesday'),('Puffed Kirby','2025-09-17','Wednesday'),('Kirby\'s Adventure','2025-09-18','Thursday'),('Dreamy Kirby','2025-09-19','Friday'),('Guitar','2025-09-20','Saturday'),('Bigfoot','2025-09-21','Sunday'),('Spreadsheet','2025-09-22','Monday'),('Canada Moose','2025-09-23','Tuesday'),('Beaver','2025-09-24','Wednesday'),('Second Breakfast','2025-09-25','Thursday'),('Flamingo','2025-09-26','Friday'),('Comfy Canada','2025-09-27','Saturday'),('Yellow Darn Tough','2025-09-28','Sunday'),('Kirby\'s Adventure','2025-09-29','Monday'),('Gingerbread','2025-09-30','Tuesday'),('Puffed Kirby','2025-10-01','Wednesday'),('Garfield and Odie','2025-10-02','Thursday'),('Halloween','2025-10-03','Friday'),('Love','2025-10-04','Saturday'),('Lumberjack','2025-10-05','Sunday'),('Spreadsheet','2025-10-06','Monday'),('Garfield and Odie','2025-10-07','Tuesday'),('Duck','2025-10-08','Wednesday'),('Milk and Cookie','2025-10-09','Thursday'),('Xoxo','2025-10-10','Friday'),('Hockey Canada','2025-10-11','Saturday'),('S\'mores','2025-10-12','Sunday'),('Lazy Garfield','2025-10-13','Monday'),('Spreadsheet','2025-10-14','Tuesday'),('Second Breakfast','2025-10-15','Wednesday'),('Guitar','2025-10-16','Thursday'),('Halloween','2025-10-17','Friday'),('Puffed Kirby','2025-10-18','Saturday'),('Canada Moose','2025-10-19','Sunday'),('Funyun Ring','2025-10-20','Monday'),('Coffee','2025-10-21','Tuesday');
/*!40000 ALTER TABLE `schedule` ENABLE KEYS */;
UNLOCK TABLES;

--
-- Table structure for table `socktype`
--

DROP TABLE IF EXISTS `socktype`;
/*!40101 SET @saved_cs_client     = @@character_set_client */;
/*!50503 SET character_set_client = utf8mb4 */;
CREATE TABLE `socktype` (
  `sock` varchar(17) NOT NULL,
  `colour` char(6) NOT NULL,
  `description` varchar(255) DEFAULT NULL,
  `alive` tinyint(1) NOT NULL,
  PRIMARY KEY (`sock`)
) ENGINE=InnoDB DEFAULT CHARSET=utf8mb4 COLLATE=utf8mb4_0900_ai_ci;
/*!40101 SET character_set_client = @saved_cs_client */;

--
-- Dumping data for table `socktype`
--

LOCK TABLES `socktype` WRITE;
/*!40000 ALTER TABLE `socktype` DISABLE KEYS */;
INSERT INTO `socktype` VALUES ('Axe','99110B','Chop your fashion game into shape.',1),('Banana','FBE43C','A-peeling and never slipping on style.',1),('Beaver','5FAD55','Damn good socks.',1),('Big Fluffy','DAD9D2','Like hugging a cloud with your feet.',1),('Bigfoot','5C4033','Mythically cozy and ready to stomp through the wilderness.',1),('Blue Darn Tough','2220D8','Built for mountains, but ready for Monday.',1),('Boring Black','000104','Business below the ankle.',1),('Boring Grey','A2A3A0','The sock equivalent of a monotone voicemail.',1),('Boring White','FFFDF9','Gym class chic.',1),('Canada Moose','DB1F35','Patriotic.',1),('Canoe','D2170D','Paddle-powered vibes for your feet.',1),('Coffee','6F4E37','Brews confidence straight to your toes.',0),('Comfy Canada','F6F6F6','Maple-leaf coziness approved.',1),('Comfy Grey','E0E0DC','A warm hug from your sock drawer.',1),('Cool Santa','FF2022','Sleighing the holiday look.',0),('Dog','864728','Paws-itively fetching.',1),('Dreamy Kirby','41A8D9','Tiny puffball power across a starry checkered sky.',1),('Duck','EFDF01','*quack*',1),('Eight Ball','0E1B1D','You’re destined for sock-cess.',1),('Fancy Christmas','A40407','Holiday cheer with a splash of flair.',1),('First Breakfast','EF5400','Eggs, bacon, and style served hot.',1),('First Sloth','07B965','Slow, steady, and seriously snuggly.',1),('Flamingo','ff0fb3','Stand tall, stay fabulous, and always pink.',1),('Funyun Ring','30EBB6','Crispy, crunchy, and unapologetically quirky.',1),('Garfield and Odie','FED330','Double the trouble.',1),('Gingerbread','8E3E15','Bite me.',1),('Guitar','FF442C','Rock out with your sock out.',1),('Halloween','6A017E','Frightfully fashionable.',1),('Hockey Canada','FE0132','It\'s our year.',1),('Jamaica','12B101','I\'ve never been.',0),('Kirby\'s Adventure','FD99A7','*poyo*',1),('Lazy Garfield','FFA502','Too tired to care, too comfy to move.',1),('Love','FF0D7C','Toe-tally romantic.',1),('Lumberjack','7E0201','Plaid, proud, and ruggedly warm.',1),('Milk and Cookie','678DE5','The ultimate cozy combo.',1),('N/A','737273','No idea.',1),('No Socks','FED7B0','Not for free.',1),('Pac-Man','345ACF','Blast from the past.',1),('Pizza Topping','BE903A','A slice of style.',1),('Polka-Dot','7FB3D5','Spotted on every style icon’s wishlist.',1),('Poutine','E3C144','Cheesy, gravy-filled goodness for your toes.',1),('Puffed Kirby','F988BE','Stuffed, puffed, and cuter than ever.',1),('Purple Striped','8E44AD','Royalty meets rhythm—one stripe at a time.',1),('Rainbow Square','F52F56','Socks that slay in every shade.',1),('Rainbow Striped','75CAFF','Bold, bright, and never blending in.',1),('S\'mores','DA8D28','Campfire couture.',1),('Sasquatch','955C4B','Elusive, fuzzy, and legendary.',1),('Second Breakfast','FFB347','Because one breakfast is never enough.',1),('Second Sloth','22A567','Because one sloth is never enough.',1),('Shark','5BA9CF','Chomp into comfort.',1),('Shrimply the Best','5ADBDB','No shellfish about it.',0),('Shrocks','8CB04E','All Star Style.',1),('Skyline','2C3E50','City lights on your feet—dream big, walk far.',1),('Spreadsheet','10793E','Freak in the sheets.',1),('Xoxo','ED368D','Big hug, little kiss.',1),('Yellow Darn Tough','F8C461','Sunshine you can hike in.',1);
/*!40000 ALTER TABLE `socktype` ENABLE KEYS */;
UNLOCK TABLES;
/*!40103 SET TIME_ZONE=@OLD_TIME_ZONE */;

/*!40101 SET SQL_MODE=@OLD_SQL_MODE */;
/*!40014 SET FOREIGN_KEY_CHECKS=@OLD_FOREIGN_KEY_CHECKS */;
/*!40014 SET UNIQUE_CHECKS=@OLD_UNIQUE_CHECKS */;
/*!40101 SET CHARACTER_SET_CLIENT=@OLD_CHARACTER_SET_CLIENT */;
/*!40101 SET CHARACTER_SET_RESULTS=@OLD_CHARACTER_SET_RESULTS */;
/*!40101 SET COLLATION_CONNECTION=@OLD_COLLATION_CONNECTION */;
/*!40111 SET SQL_NOTES=@OLD_SQL_NOTES */;

-- Dump completed on 2025-11-08 16:35:47
